human_domain	domain_name	viral_interactor	p.value	fdr_pval	observed_statistic	human_domain_url	viral_interactor_url	domain_count_per_viral_interactor	viral_interactor_degree	total_domain_count	total_background_proteins
IPR027417	P-loop containing nucleoside triphosphate hydrolase	P03427	0	0	31	<a href='https://www.ebi.ac.uk/interpro/entry/IPR027417'>IPR027417</a>	<a href='http://www.uniprot.org/uniprot/P03427'>P03427</a>	31	168	1055	15940
IPR000504	RNA recognition motif domain	Q6QDQ4	0	0	27	<a href='https://www.ebi.ac.uk/interpro/entry/IPR000504'>IPR000504</a>	<a href='http://www.uniprot.org/uniprot/Q6QDQ4'>Q6QDQ4</a>	27	56	395	15940
IPR000504	RNA recognition motif domain	O56264	0	0	27	<a href='https://www.ebi.ac.uk/interpro/entry/IPR000504'>IPR000504</a>	<a href='http://www.uniprot.org/uniprot/O56264'>O56264</a>	27	108	395	15940
IPR011989	Armadillo-like helical	F5HFG5	0	0	13	<a href='https://www.ebi.ac.uk/interpro/entry/IPR011989'>IPR011989</a>	<a href='http://www.uniprot.org/uniprot/F5HFG5'>F5HFG5</a>	13	25	428	15940
IPR016024	Armadillo-type fold	F5HFG5	0	0	15	<a href='https://www.ebi.ac.uk/interpro/entry/IPR016024'>IPR016024</a>	<a href='http://www.uniprot.org/uniprot/F5HFG5'>F5HFG5</a>	15	25	444	15940
IPR004827	Basic-leucine zipper domain	Q9DGW5	0	0	13	<a href='https://www.ebi.ac.uk/interpro/entry/IPR004827'>IPR004827</a>	<a href='http://www.uniprot.org/uniprot/Q9DGW5'>Q9DGW5</a>	13	13	70	15940
IPR000504	RNA recognition motif domain	D1LN35	0	0	19	<a href='https://www.ebi.ac.uk/interpro/entry/IPR000504'>IPR000504</a>	<a href='http://www.uniprot.org/uniprot/D1LN35'>D1LN35</a>	19	42	395	15940
IPR027417	P-loop containing nucleoside triphosphate hydrolase	P04296	0	0	15	<a href='https://www.ebi.ac.uk/interpro/entry/IPR027417'>IPR027417</a>	<a href='http://www.uniprot.org/uniprot/P04296'>P04296</a>	15	46	1055	15940
IPR014720	Double-stranded RNA-binding domain	O92551	0	0	10	<a href='https://www.ebi.ac.uk/interpro/entry/IPR014720'>IPR014720</a>	<a href='http://www.uniprot.org/uniprot/O92551'>O92551</a>	10	19	33	15940
IPR001452	SH3 domain	Q9WNA9	0	0	12	<a href='https://www.ebi.ac.uk/interpro/entry/IPR001452'>IPR001452</a>	<a href='http://www.uniprot.org/uniprot/Q9WNA9'>Q9WNA9</a>	12	12	318	15940
IPR001811	Chemokine interleukin-8-like domain	P34015	0	0	7	<a href='https://www.ebi.ac.uk/interpro/entry/IPR001811'>IPR001811</a>	<a href='http://www.uniprot.org/uniprot/P34015'>P34015</a>	7	9	51	15940
IPR004827	Basic-leucine zipper domain	P0C746	0	0	14	<a href='https://www.ebi.ac.uk/interpro/entry/IPR004827'>IPR004827</a>	<a href='http://www.uniprot.org/uniprot/P0C746'>P0C746</a>	14	14	70	15940
IPR000504	RNA recognition motif domain	Q99AU3	0	0	11	<a href='https://www.ebi.ac.uk/interpro/entry/IPR000504'>IPR000504</a>	<a href='http://www.uniprot.org/uniprot/Q99AU3'>Q99AU3</a>	11	24	395	15940
IPR007125	Histone H2A/H2B/H3	P03495	0	0	19	<a href='https://www.ebi.ac.uk/interpro/entry/IPR007125'>IPR007125</a>	<a href='http://www.uniprot.org/uniprot/P03495'>P03495</a>	19	60	48	15940
IPR007125	Histone H2A/H2B/H3	P04487	0	0	28	<a href='https://www.ebi.ac.uk/interpro/entry/IPR007125'>IPR007125</a>	<a href='http://www.uniprot.org/uniprot/P04487'>P04487</a>	28	145	48	15940
IPR007125	Histone H2A/H2B/H3	P15059	0	0	23	<a href='https://www.ebi.ac.uk/interpro/entry/IPR007125'>IPR007125</a>	<a href='http://www.uniprot.org/uniprot/P15059'>P15059</a>	23	36	48	15940
IPR007125	Histone H2A/H2B/H3	Q05127	0	0	25	<a href='https://www.ebi.ac.uk/interpro/entry/IPR007125'>IPR007125</a>	<a href='http://www.uniprot.org/uniprot/Q05127'>Q05127</a>	25	60	48	15940
IPR007125	Histone H2A/H2B/H3	P0C1C6	0	0	18	<a href='https://www.ebi.ac.uk/interpro/entry/IPR007125'>IPR007125</a>	<a href='http://www.uniprot.org/uniprot/P0C1C6'>P0C1C6</a>	18	53	48	15940
IPR009072	Histone-fold	P03495	0	0	20	<a href='https://www.ebi.ac.uk/interpro/entry/IPR009072'>IPR009072</a>	<a href='http://www.uniprot.org/uniprot/P03495'>P03495</a>	20	60	80	15940
IPR009072	Histone-fold	P04487	0	0	29	<a href='https://www.ebi.ac.uk/interpro/entry/IPR009072'>IPR009072</a>	<a href='http://www.uniprot.org/uniprot/P04487'>P04487</a>	29	145	80	15940
IPR009072	Histone-fold	P15059	0	0	24	<a href='https://www.ebi.ac.uk/interpro/entry/IPR009072'>IPR009072</a>	<a href='http://www.uniprot.org/uniprot/P15059'>P15059</a>	24	36	80	15940
IPR009072	Histone-fold	Q05127	0	0	26	<a href='https://www.ebi.ac.uk/interpro/entry/IPR009072'>IPR009072</a>	<a href='http://www.uniprot.org/uniprot/Q05127'>Q05127</a>	26	60	80	15940
IPR009072	Histone-fold	P0C1C6	0	0	19	<a href='https://www.ebi.ac.uk/interpro/entry/IPR009072'>IPR009072</a>	<a href='http://www.uniprot.org/uniprot/P0C1C6'>P0C1C6</a>	19	53	80	15940
IPR007110	Immunoglobulin-like domain	P04578	0	0	23	<a href='https://www.ebi.ac.uk/interpro/entry/IPR007110'>IPR007110</a>	<a href='http://www.uniprot.org/uniprot/P04578'>P04578</a>	23	83	533	15940
IPR013783	Immunoglobulin-like fold	P04578	0	0	24	<a href='https://www.ebi.ac.uk/interpro/entry/IPR013783'>IPR013783</a>	<a href='http://www.uniprot.org/uniprot/P04578'>P04578</a>	24	83	828	15940
IPR001811	Chemokine interleukin-8-like domain	Q2F862	0	0	6	<a href='https://www.ebi.ac.uk/interpro/entry/IPR001811'>IPR001811</a>	<a href='http://www.uniprot.org/uniprot/Q2F862'>Q2F862</a>	6	6	51	15940
IPR007125	Histone H2A/H2B/H3	Q84940	0	0	10	<a href='https://www.ebi.ac.uk/interpro/entry/IPR007125'>IPR007125</a>	<a href='http://www.uniprot.org/uniprot/Q84940'>Q84940</a>	10	19	48	15940
IPR007125	Histone H2A/H2B/H3	P23057	0	0	10	<a href='https://www.ebi.ac.uk/interpro/entry/IPR007125'>IPR007125</a>	<a href='http://www.uniprot.org/uniprot/P23057'>P23057</a>	10	12	48	15940
IPR009072	Histone-fold	Q84940	0	0	11	<a href='https://www.ebi.ac.uk/interpro/entry/IPR009072'>IPR009072</a>	<a href='http://www.uniprot.org/uniprot/Q84940'>Q84940</a>	11	19	80	15940
IPR009072	Histone-fold	P23057	0	0	10	<a href='https://www.ebi.ac.uk/interpro/entry/IPR009072'>IPR009072</a>	<a href='http://www.uniprot.org/uniprot/P23057'>P23057</a>	10	12	80	15940
IPR009072	Histone-fold	P0C1C7	0	0	11	<a href='https://www.ebi.ac.uk/interpro/entry/IPR009072'>IPR009072</a>	<a href='http://www.uniprot.org/uniprot/P0C1C7'>P0C1C7</a>	11	29	80	15940
IPR032454	Histone H2A, C-terminal domain	Q84940	0	0	10	<a href='https://www.ebi.ac.uk/interpro/entry/IPR032454'>IPR032454</a>	<a href='http://www.uniprot.org/uniprot/Q84940'>Q84940</a>	10	19	20	15940
IPR032454	Histone H2A, C-terminal domain	P23057	0	0	10	<a href='https://www.ebi.ac.uk/interpro/entry/IPR032454'>IPR032454</a>	<a href='http://www.uniprot.org/uniprot/P23057'>P23057</a>	10	12	20	15940
IPR001452	SH3 domain	Q90VU7	0	0	10	<a href='https://www.ebi.ac.uk/interpro/entry/IPR001452'>IPR001452</a>	<a href='http://www.uniprot.org/uniprot/Q90VU7'>Q90VU7</a>	10	11	318	15940
IPR027409	GroEL-like apical domain	P09992	0	0	8	<a href='https://www.ebi.ac.uk/interpro/entry/IPR027409'>IPR027409</a>	<a href='http://www.uniprot.org/uniprot/P09992'>P09992</a>	8	11	30	15940
IPR027413	GroEL-like equatorial domain	P09992	0	0	8	<a href='https://www.ebi.ac.uk/interpro/entry/IPR027413'>IPR027413</a>	<a href='http://www.uniprot.org/uniprot/P09992'>P09992</a>	8	11	31	15940
IPR007125	Histone H2A/H2B/H3	O56264	9.29364263914321e-09	6.64837846059129e-06	24	<a href='https://www.ebi.ac.uk/interpro/entry/IPR007125'>IPR007125</a>	<a href='http://www.uniprot.org/uniprot/O56264'>O56264</a>	24	108	48	15940
IPR009072	Histone-fold	O56264	9.29364263914321e-09	6.64837846059129e-06	25	<a href='https://www.ebi.ac.uk/interpro/entry/IPR009072'>IPR009072</a>	<a href='http://www.uniprot.org/uniprot/O56264'>O56264</a>	25	108	80	15940
IPR027417	P-loop containing nucleoside triphosphate hydrolase	P0DOE9	1.06900950219028e-08	7.45127033526683e-06	33	<a href='https://www.ebi.ac.uk/interpro/entry/IPR027417'>IPR027417</a>	<a href='http://www.uniprot.org/uniprot/P0DOE9'>P0DOE9</a>	33	220	1055	15940
IPR003597	Immunoglobulin C1-set	P04578	1.15278903300148e-08	7.83435426827806e-06	19	<a href='https://www.ebi.ac.uk/interpro/entry/IPR003597'>IPR003597</a>	<a href='http://www.uniprot.org/uniprot/P04578'>P04578</a>	19	83	120	15940
IPR009072	Histone-fold	P68466	2.9705120241871e-08	1.96952192354883e-05	11	<a href='https://www.ebi.ac.uk/interpro/entry/IPR009072'>IPR009072</a>	<a href='http://www.uniprot.org/uniprot/P68466'>P68466</a>	11	28	80	15940
IPR001039	MHC class I alpha chain, alpha1 alpha2 domains	P04578	3.45836709900444e-08	2.13664207316674e-05	18	<a href='https://www.ebi.ac.uk/interpro/entry/IPR001039'>IPR001039</a>	<a href='http://www.uniprot.org/uniprot/P04578'>P04578</a>	18	83	60	15940
IPR010579	MHC class I, alpha chain, C-terminal	P04578	3.45836709900444e-08	2.13664207316674e-05	18	<a href='https://www.ebi.ac.uk/interpro/entry/IPR010579'>IPR010579</a>	<a href='http://www.uniprot.org/uniprot/P04578'>P04578</a>	18	83	50	15940
IPR011161	MHC class I-like antigen recognition-like	P04578	3.45836709900444e-08	2.13664207316674e-05	18	<a href='https://www.ebi.ac.uk/interpro/entry/IPR011161'>IPR011161</a>	<a href='http://www.uniprot.org/uniprot/P04578'>P04578</a>	18	83	71	15940
IPR000980	SH2 domain	Q90VU7	7.10803134329069e-08	4.29388275635587e-05	7	<a href='https://www.ebi.ac.uk/interpro/entry/IPR000980'>IPR000980</a>	<a href='http://www.uniprot.org/uniprot/Q90VU7'>Q90VU7</a>	7	11	151	15940
IPR009072	Histone-fold	Q997F2	9.97647148963884e-08	5.89566089074657e-05	11	<a href='https://www.ebi.ac.uk/interpro/entry/IPR009072'>IPR009072</a>	<a href='http://www.uniprot.org/uniprot/Q997F2'>Q997F2</a>	11	34	80	15940
IPR000980	SH2 domain	Q9WNA9	1.30830433749333e-07	7.5670095979614e-05	7	<a href='https://www.ebi.ac.uk/interpro/entry/IPR000980'>IPR000980</a>	<a href='http://www.uniprot.org/uniprot/Q9WNA9'>Q9WNA9</a>	7	12	151	15940
IPR000504	RNA recognition motif domain	P03496	1.48391486573766e-07	8.29073317511688e-05	30	<a href='https://www.ebi.ac.uk/interpro/entry/IPR000504'>IPR000504</a>	<a href='http://www.uniprot.org/uniprot/P03496'>P03496</a>	30	212	395	15940
IPR001811	Chemokine interleukin-8-like domain	O57300	1.52426012413574e-07	8.29073317511688e-05	5	<a href='https://www.ebi.ac.uk/interpro/entry/IPR001811'>IPR001811</a>	<a href='http://www.uniprot.org/uniprot/O57300'>O57300</a>	5	5	51	15940
IPR001811	Chemokine interleukin-8-like domain	P24766	1.52492885063215e-07	8.29073317511688e-05	5	<a href='https://www.ebi.ac.uk/interpro/entry/IPR001811'>IPR001811</a>	<a href='http://www.uniprot.org/uniprot/P24766'>P24766</a>	5	5	51	15940
IPR014720	Double-stranded RNA-binding domain	Q3SBS4	1.85378782426966e-07	9.88105259116599e-05	9	<a href='https://www.ebi.ac.uk/interpro/entry/IPR014720'>IPR014720</a>	<a href='http://www.uniprot.org/uniprot/Q3SBS4'>Q3SBS4</a>	9	22	33	15940
IPR007125	Histone H2A/H2B/H3	P68466	2.07935841693097e-07	0.00010665147019972	10	<a href='https://www.ebi.ac.uk/interpro/entry/IPR007125'>IPR007125</a>	<a href='http://www.uniprot.org/uniprot/P68466'>P68466</a>	10	28	48	15940
IPR032454	Histone H2A, C-terminal domain	P68466	2.07935841693097e-07	0.00010665147019972	10	<a href='https://www.ebi.ac.uk/interpro/entry/IPR032454'>IPR032454</a>	<a href='http://www.uniprot.org/uniprot/P68466'>P68466</a>	10	28	20	15940
IPR000504	RNA recognition motif domain	Q5MJ03	2.35432696101781e-07	0.000118518563163533	8	<a href='https://www.ebi.ac.uk/interpro/entry/IPR000504'>IPR000504</a>	<a href='http://www.uniprot.org/uniprot/Q5MJ03'>Q5MJ03</a>	8	17	395	15940
IPR007125	Histone H2A/H2B/H3	P0C1C7	2.5905128052502e-07	0.000125750893032002	10	<a href='https://www.ebi.ac.uk/interpro/entry/IPR007125'>IPR007125</a>	<a href='http://www.uniprot.org/uniprot/P0C1C7'>P0C1C7</a>	10	29	48	15940
IPR032454	Histone H2A, C-terminal domain	P0C1C7	2.5905128052502e-07	0.000125750893032002	10	<a href='https://www.ebi.ac.uk/interpro/entry/IPR032454'>IPR032454</a>	<a href='http://www.uniprot.org/uniprot/P0C1C7'>P0C1C7</a>	10	29	20	15940
IPR027417	P-loop containing nucleoside triphosphate hydrolase	Q8JPQ9	2.65163877674923e-07	0.000126459909661668	17	<a href='https://www.ebi.ac.uk/interpro/entry/IPR027417'>IPR027417</a>	<a href='http://www.uniprot.org/uniprot/Q8JPQ9'>Q8JPQ9</a>	17	83	1055	15940
IPR029055	Nucleophile aminohydrolases, N-terminal	P13285	3.17170441800537e-07	0.000148654504998376	16	<a href='https://www.ebi.ac.uk/interpro/entry/IPR029055'>IPR029055</a>	<a href='http://www.uniprot.org/uniprot/P13285'>P13285</a>	16	74	37	15940
IPR014720	Double-stranded RNA-binding domain	Q20MH3	3.35037847690063e-07	0.0001543672686713	10	<a href='https://www.ebi.ac.uk/interpro/entry/IPR014720'>IPR014720</a>	<a href='http://www.uniprot.org/uniprot/Q20MH3'>Q20MH3</a>	10	30	33	15940
IPR000504	RNA recognition motif domain	Q9WPI5	3.73514248096919e-07	0.000169226855337777	14	<a href='https://www.ebi.ac.uk/interpro/entry/IPR000504'>IPR000504</a>	<a href='http://www.uniprot.org/uniprot/Q9WPI5'>Q9WPI5</a>	14	61	395	15940
IPR014720	Double-stranded RNA-binding domain	Q6DP93	5.26503390945089e-07	0.000234630625892644	10	<a href='https://www.ebi.ac.uk/interpro/entry/IPR014720'>IPR014720</a>	<a href='http://www.uniprot.org/uniprot/Q6DP93'>Q6DP93</a>	10	32	33	15940
IPR000742	EGF-like domain	Q9WMX2-PRO_0000037548	6.20354023868437e-07	0.000271995222336123	27	<a href='https://www.ebi.ac.uk/interpro/entry/IPR000742'>IPR000742</a>	<a href='http://www.uniprot.org/uniprot/Q9WMX2-PRO_0000037548'>Q9WMX2-PRO_0000037548</a>	27	195	201	15940
IPR011162	MHC classes I/II-like antigen recognition protein	P04578	8.4153599409108e-07	0.000363116102593205	16	<a href='https://www.ebi.ac.uk/interpro/entry/IPR011162'>IPR011162</a>	<a href='http://www.uniprot.org/uniprot/P04578'>P04578</a>	16	83	84	15940
IPR007125	Histone H2A/H2B/H3	Q997F2	1.19717657875666e-06	0.000500677663337247	10	<a href='https://www.ebi.ac.uk/interpro/entry/IPR007125'>IPR007125</a>	<a href='http://www.uniprot.org/uniprot/Q997F2'>Q997F2</a>	10	34	48	15940
IPR032454	Histone H2A, C-terminal domain	Q997F2	1.19717657875666e-06	0.000500677663337247	10	<a href='https://www.ebi.ac.uk/interpro/entry/IPR032454'>IPR032454</a>	<a href='http://www.uniprot.org/uniprot/Q997F2'>Q997F2</a>	10	34	20	15940
IPR000719	Protein kinase domain	Q90VU7	1.56376689552395e-06	0.000625138813057693	6	<a href='https://www.ebi.ac.uk/interpro/entry/IPR000719'>IPR000719</a>	<a href='http://www.uniprot.org/uniprot/Q90VU7'>Q90VU7</a>	6	11	637	15940
IPR001245	Serine-threonine/tyrosine-protein kinase, catalytic domain	Q90VU7	1.56376689552395e-06	0.000625138813057693	6	<a href='https://www.ebi.ac.uk/interpro/entry/IPR001245'>IPR001245</a>	<a href='http://www.uniprot.org/uniprot/Q90VU7'>Q90VU7</a>	6	11	170	15940
IPR011009	Protein kinase-like domain	Q90VU7	1.56376689552395e-06	0.000625138813057693	6	<a href='https://www.ebi.ac.uk/interpro/entry/IPR011009'>IPR011009</a>	<a href='http://www.uniprot.org/uniprot/Q90VU7'>Q90VU7</a>	6	11	698	15940
IPR032454	Histone H2A, C-terminal domain	P15059	1.72972702466977e-06	0.000681462310704682	10	<a href='https://www.ebi.ac.uk/interpro/entry/IPR032454'>IPR032454</a>	<a href='http://www.uniprot.org/uniprot/P15059'>P15059</a>	10	36	20	15940
IPR000719	Protein kinase domain	Q77Q36	1.89691410014189e-06	0.000726277646454326	4	<a href='https://www.ebi.ac.uk/interpro/entry/IPR000719'>IPR000719</a>	<a href='http://www.uniprot.org/uniprot/Q77Q36'>Q77Q36</a>	4	4	637	15940
IPR011009	Protein kinase-like domain	Q77Q36	1.89691410014189e-06	0.000726277646454326	4	<a href='https://www.ebi.ac.uk/interpro/entry/IPR011009'>IPR011009</a>	<a href='http://www.uniprot.org/uniprot/Q77Q36'>Q77Q36</a>	4	4	698	15940
IPR000980	SH2 domain	O92972	2.84434223353301e-06	0.00105918629145701	4	<a href='https://www.ebi.ac.uk/interpro/entry/IPR000980'>IPR000980</a>	<a href='http://www.uniprot.org/uniprot/O92972'>O92972</a>	4	4	151	15940
IPR001452	SH3 domain	O92972	2.84434223353301e-06	0.00105918629145701	4	<a href='https://www.ebi.ac.uk/interpro/entry/IPR001452'>IPR001452</a>	<a href='http://www.uniprot.org/uniprot/O92972'>O92972</a>	4	4	318	15940
IPR011989	Armadillo-like helical	P03101	3.03604852212748e-06	0.00110042590700685	4	<a href='https://www.ebi.ac.uk/interpro/entry/IPR011989'>IPR011989</a>	<a href='http://www.uniprot.org/uniprot/P03101'>P03101</a>	4	4	428	15940
IPR016024	Armadillo-type fold	P03101	3.03604852212748e-06	0.00110042590700685	4	<a href='https://www.ebi.ac.uk/interpro/entry/IPR016024'>IPR016024</a>	<a href='http://www.uniprot.org/uniprot/P03101'>P03101</a>	4	4	444	15940
IPR016024	Armadillo-type fold	Q20MH8	3.20623381473614e-06	0.00114681921078667	17	<a href='https://www.ebi.ac.uk/interpro/entry/IPR016024'>IPR016024</a>	<a href='http://www.uniprot.org/uniprot/Q20MH8'>Q20MH8</a>	17	103	444	15940
IPR002125	Cytidine and deoxycytidylate deaminase domain	Q77YG0	3.7923779271469e-06	0.00130496204520964	4	<a href='https://www.ebi.ac.uk/interpro/entry/IPR002125'>IPR002125</a>	<a href='http://www.uniprot.org/uniprot/Q77YG0'>Q77YG0</a>	4	4	14	15940
IPR013158	APOBEC-like, N-terminal	Q77YG0	3.7923779271469e-06	0.00130496204520964	4	<a href='https://www.ebi.ac.uk/interpro/entry/IPR013158'>IPR013158</a>	<a href='http://www.uniprot.org/uniprot/Q77YG0'>Q77YG0</a>	4	4	9	15940
IPR016193	Cytidine deaminase-like	Q77YG0	3.7923779271469e-06	0.00130496204520964	4	<a href='https://www.ebi.ac.uk/interpro/entry/IPR016193'>IPR016193</a>	<a href='http://www.uniprot.org/uniprot/Q77YG0'>Q77YG0</a>	4	4	15	15940
IPR000980	SH2 domain	P26660	4.36632477710861e-06	0.00146536015729532	4	<a href='https://www.ebi.ac.uk/interpro/entry/IPR000980'>IPR000980</a>	<a href='http://www.uniprot.org/uniprot/P26660'>P26660</a>	4	4	151	15940
IPR001452	SH3 domain	P26660	4.36632477710861e-06	0.00146536015729532	4	<a href='https://www.ebi.ac.uk/interpro/entry/IPR001452'>IPR001452</a>	<a href='http://www.uniprot.org/uniprot/P26660'>P26660</a>	4	4	318	15940
IPR001478	PDZ domain	P06427	4.55498550755444e-06	0.00151003324435805	4	<a href='https://www.ebi.ac.uk/interpro/entry/IPR001478'>IPR001478</a>	<a href='http://www.uniprot.org/uniprot/P06427'>P06427</a>	4	4	208	15940
IPR014720	Double-stranded RNA-binding domain	Q0A2H0	4.83276919722069e-06	0.00158281925129214	10	<a href='https://www.ebi.ac.uk/interpro/entry/IPR014720'>IPR014720</a>	<a href='http://www.uniprot.org/uniprot/Q0A2H0'>Q0A2H0</a>	10	41	33	15940
IPR027417	P-loop containing nucleoside triphosphate hydrolase	C5E522	4.9330254667317e-06	0.00159642100342422	14	<a href='https://www.ebi.ac.uk/interpro/entry/IPR027417'>IPR027417</a>	<a href='http://www.uniprot.org/uniprot/C5E522'>C5E522</a>	14	77	1055	15940
IPR027417	P-loop containing nucleoside triphosphate hydrolase	P12792	5.0546355557218e-06	0.00161653191702049	11	<a href='https://www.ebi.ac.uk/interpro/entry/IPR027417'>IPR027417</a>	<a href='http://www.uniprot.org/uniprot/P12792'>P12792</a>	11	50	1055	15940
IPR014720	Double-stranded RNA-binding domain	Q2PJP0	5.6840256741859e-06	0.00179668085961709	10	<a href='https://www.ebi.ac.uk/interpro/entry/IPR014720'>IPR014720</a>	<a href='http://www.uniprot.org/uniprot/Q2PJP0'>Q2PJP0</a>	10	42	33	15940
IPR000504	RNA recognition motif domain	Q6VGS8	6.13515186439954e-06	0.00191698814117054	8	<a href='https://www.ebi.ac.uk/interpro/entry/IPR000504'>IPR000504</a>	<a href='http://www.uniprot.org/uniprot/Q6VGS8'>Q6VGS8</a>	8	26	395	15940
IPR016024	Armadillo-type fold	P06821	7.15279564613941e-06	0.00220956360050743	16	<a href='https://www.ebi.ac.uk/interpro/entry/IPR016024'>IPR016024</a>	<a href='http://www.uniprot.org/uniprot/P06821'>P06821</a>	16	101	444	15940
IPR027417	P-loop containing nucleoside triphosphate hydrolase	P06463	7.64670446624832e-06	0.00232512638270543	14	<a href='https://www.ebi.ac.uk/interpro/entry/IPR027417'>IPR027417</a>	<a href='http://www.uniprot.org/uniprot/P06463'>P06463</a>	14	81	1055	15940
IPR000742	EGF-like domain	P0CK47	7.69796109636141e-06	0.00232512638270543	7	<a href='https://www.ebi.ac.uk/interpro/entry/IPR000742'>IPR000742</a>	<a href='http://www.uniprot.org/uniprot/P0CK47'>P0CK47</a>	7	21	201	15940
IPR011989	Armadillo-like helical	Q20MH8	8.92337362896445e-06	0.00264273459007806	16	<a href='https://www.ebi.ac.uk/interpro/entry/IPR011989'>IPR011989</a>	<a href='http://www.uniprot.org/uniprot/Q20MH8'>Q20MH8</a>	16	103	428	15940
IPR008917	Transcription factor, Skn-1-like, DNA-binding domain	P0C746	8.99436850708417e-06	0.00264273459007806	6	<a href='https://www.ebi.ac.uk/interpro/entry/IPR008917'>IPR008917</a>	<a href='http://www.uniprot.org/uniprot/P0C746'>P0C746</a>	6	14	16	15940
IPR027417	P-loop containing nucleoside triphosphate hydrolase	Q2MG95	9.04113879036418e-06	0.00264273459007806	24	<a href='https://www.ebi.ac.uk/interpro/entry/IPR027417'>IPR027417</a>	<a href='http://www.uniprot.org/uniprot/Q2MG95'>Q2MG95</a>	24	196	1055	15940
IPR000504	RNA recognition motif domain	P19712-PRO_0000038050	9.69854365241024e-06	0.00280473628348	15	<a href='https://www.ebi.ac.uk/interpro/entry/IPR000504'>IPR000504</a>	<a href='http://www.uniprot.org/uniprot/P19712-PRO_0000038050'>P19712-PRO_0000038050</a>	15	93	395	15940
IPR000719	Protein kinase domain	Q9QPN3	1.22008559815535e-05	0.00335018251517728	4	<a href='https://www.ebi.ac.uk/interpro/entry/IPR000719'>IPR000719</a>	<a href='http://www.uniprot.org/uniprot/Q9QPN3'>Q9QPN3</a>	4	5	637	15940
IPR000980	SH2 domain	Q9QPN3	1.22008559815535e-05	0.00335018251517728	4	<a href='https://www.ebi.ac.uk/interpro/entry/IPR000980'>IPR000980</a>	<a href='http://www.uniprot.org/uniprot/Q9QPN3'>Q9QPN3</a>	4	5	151	15940
IPR001245	Serine-threonine/tyrosine-protein kinase, catalytic domain	Q9QPN3	1.22008559815535e-05	0.00335018251517728	4	<a href='https://www.ebi.ac.uk/interpro/entry/IPR001245'>IPR001245</a>	<a href='http://www.uniprot.org/uniprot/Q9QPN3'>Q9QPN3</a>	4	5	170	15940
IPR001452	SH3 domain	Q9QPN3	1.22008559815535e-05	0.00335018251517728	4	<a href='https://www.ebi.ac.uk/interpro/entry/IPR001452'>IPR001452</a>	<a href='http://www.uniprot.org/uniprot/Q9QPN3'>Q9QPN3</a>	4	5	318	15940
IPR011009	Protein kinase-like domain	Q9QPN3	1.22008559815535e-05	0.00335018251517728	4	<a href='https://www.ebi.ac.uk/interpro/entry/IPR011009'>IPR011009</a>	<a href='http://www.uniprot.org/uniprot/Q9QPN3'>Q9QPN3</a>	4	5	698	15940
IPR000719	Protein kinase domain	P03407	1.34475802975708e-05	0.00351499060393428	5	<a href='https://www.ebi.ac.uk/interpro/entry/IPR000719'>IPR000719</a>	<a href='http://www.uniprot.org/uniprot/P03407'>P03407</a>	5	9	637	15940
IPR000980	SH2 domain	P03407	1.34475802975708e-05	0.00351499060393428	5	<a href='https://www.ebi.ac.uk/interpro/entry/IPR000980'>IPR000980</a>	<a href='http://www.uniprot.org/uniprot/P03407'>P03407</a>	5	9	151	15940
IPR001245	Serine-threonine/tyrosine-protein kinase, catalytic domain	P03407	1.34475802975708e-05	0.00351499060393428	5	<a href='https://www.ebi.ac.uk/interpro/entry/IPR001245'>IPR001245</a>	<a href='http://www.uniprot.org/uniprot/P03407'>P03407</a>	5	9	170	15940
IPR001452	SH3 domain	P03407	1.34475802975708e-05	0.00351499060393428	5	<a href='https://www.ebi.ac.uk/interpro/entry/IPR001452'>IPR001452</a>	<a href='http://www.uniprot.org/uniprot/P03407'>P03407</a>	5	9	318	15940
IPR011009	Protein kinase-like domain	P03407	1.34475802975708e-05	0.00351499060393428	5	<a href='https://www.ebi.ac.uk/interpro/entry/IPR011009'>IPR011009</a>	<a href='http://www.uniprot.org/uniprot/P03407'>P03407</a>	5	9	698	15940
IPR000504	RNA recognition motif domain	P03466	1.46896831190152e-05	0.00380308900864103	19	<a href='https://www.ebi.ac.uk/interpro/entry/IPR000504'>IPR000504</a>	<a href='http://www.uniprot.org/uniprot/P03466'>P03466</a>	19	143	395	15940
IPR001478	PDZ domain	P0DOF4	1.61508255509717e-05	0.00414192492243033	4	<a href='https://www.ebi.ac.uk/interpro/entry/IPR001478'>IPR001478</a>	<a href='http://www.uniprot.org/uniprot/P0DOF4'>P0DOF4</a>	4	5	208	15940
IPR001478	PDZ domain	P03126	1.86510182165127e-05	0.00473840447848301	8	<a href='https://www.ebi.ac.uk/interpro/entry/IPR001478'>IPR001478</a>	<a href='http://www.uniprot.org/uniprot/P03126'>P03126</a>	8	32	208	15940
IPR009072	Histone-fold	Q9WPI5	2.46668809443205e-05	0.00615332315859493	11	<a href='https://www.ebi.ac.uk/interpro/entry/IPR009072'>IPR009072</a>	<a href='http://www.uniprot.org/uniprot/Q9WPI5'>Q9WPI5</a>	11	61	80	15940
IPR009072	Histone-fold	Q9WMX2	2.48946862127908e-05	0.00615332315859493	11	<a href='https://www.ebi.ac.uk/interpro/entry/IPR009072'>IPR009072</a>	<a href='http://www.uniprot.org/uniprot/Q9WMX2'>Q9WMX2</a>	11	61	80	15940
IPR000504	RNA recognition motif domain	P21605	2.48994094851914e-05	0.00615332315859493	9	<a href='https://www.ebi.ac.uk/interpro/entry/IPR000504'>IPR000504</a>	<a href='http://www.uniprot.org/uniprot/P21605'>P21605</a>	9	42	395	15940
IPR020635	Tyrosine-protein kinase, catalytic domain	Q90VU7	2.97115710149551e-05	0.0072763905087436	5	<a href='https://www.ebi.ac.uk/interpro/entry/IPR020635'>IPR020635</a>	<a href='http://www.uniprot.org/uniprot/Q90VU7'>Q90VU7</a>	5	11	91	15940
IPR011009	Protein kinase-like domain	Q77UV9	3.09789619815823e-05	0.00748408323461171	6	<a href='https://www.ebi.ac.uk/interpro/entry/IPR011009'>IPR011009</a>	<a href='http://www.uniprot.org/uniprot/Q77UV9'>Q77UV9</a>	6	18	698	15940
IPR032454	Histone H2A, C-terminal domain	P0C1C6	3.11102635929636e-05	0.00748408323461171	10	<a href='https://www.ebi.ac.uk/interpro/entry/IPR032454'>IPR032454</a>	<a href='http://www.uniprot.org/uniprot/P0C1C6'>P0C1C6</a>	10	53	20	15940
IPR012336	Thioredoxin-like fold	D2XQB9	3.19198409311558e-05	0.00761148206905736	6	<a href='https://www.ebi.ac.uk/interpro/entry/IPR012336'>IPR012336</a>	<a href='http://www.uniprot.org/uniprot/D2XQB9'>D2XQB9</a>	6	18	132	15940
IPR001881	EGF-like calcium-binding domain	Q9WMX2-PRO_0000037548	3.60097953666273e-05	0.00844075400183485	22	<a href='https://www.ebi.ac.uk/interpro/entry/IPR001881'>IPR001881</a>	<a href='http://www.uniprot.org/uniprot/Q9WMX2-PRO_0000037548'>Q9WMX2-PRO_0000037548</a>	22	195	109	15940
IPR002652	Importin-alpha, importin-beta-binding domain	E5LBT9	3.6639529584186e-05	0.00844075400183485	4	<a href='https://www.ebi.ac.uk/interpro/entry/IPR002652'>IPR002652</a>	<a href='http://www.uniprot.org/uniprot/E5LBT9'>E5LBT9</a>	4	6	12	15940
IPR011989	Armadillo-like helical	E5LBT9	3.6639529584186e-05	0.00844075400183485	4	<a href='https://www.ebi.ac.uk/interpro/entry/IPR011989'>IPR011989</a>	<a href='http://www.uniprot.org/uniprot/E5LBT9'>E5LBT9</a>	4	6	428	15940
IPR016024	Armadillo-type fold	E5LBT9	3.6639529584186e-05	0.00844075400183485	4	<a href='https://www.ebi.ac.uk/interpro/entry/IPR016024'>IPR016024</a>	<a href='http://www.uniprot.org/uniprot/E5LBT9'>E5LBT9</a>	4	6	444	15940
IPR011989	Armadillo-like helical	P05919	3.96514424188354e-05	0.0089823734226135	10	<a href='https://www.ebi.ac.uk/interpro/entry/IPR011989'>IPR011989</a>	<a href='http://www.uniprot.org/uniprot/P05919'>P05919</a>	10	55	428	15940
IPR016024	Armadillo-type fold	P05919	3.96514424188354e-05	0.0089823734226135	10	<a href='https://www.ebi.ac.uk/interpro/entry/IPR016024'>IPR016024</a>	<a href='http://www.uniprot.org/uniprot/P05919'>P05919</a>	10	55	444	15940
IPR006195	Aminoacyl-tRNA synthetase, class II	P04591-PRO_0000038593	4.08432440115929e-05	0.00910067823943558	6	<a href='https://www.ebi.ac.uk/interpro/entry/IPR006195'>IPR006195</a>	<a href='http://www.uniprot.org/uniprot/P04591-PRO_0000038593'>P04591-PRO_0000038593</a>	6	19	20	15940
IPR014729	Rossmann-like alpha/beta/alpha sandwich fold	P04591-PRO_0000038593	4.08432440115929e-05	0.00910067823943558	6	<a href='https://www.ebi.ac.uk/interpro/entry/IPR014729'>IPR014729</a>	<a href='http://www.uniprot.org/uniprot/P04591-PRO_0000038593'>P04591-PRO_0000038593</a>	6	19	48	15940
IPR013783	Immunoglobulin-like fold	P0CK58	4.2276400053644e-05	0.00934342812242486	17	<a href='https://www.ebi.ac.uk/interpro/entry/IPR013783'>IPR013783</a>	<a href='http://www.uniprot.org/uniprot/P0CK58'>P0CK58</a>	17	134	828	15940
IPR013087	Zinc finger C2H2-type	O41947	4.35012188191113e-05	0.00935330052510221	5	<a href='https://www.ebi.ac.uk/interpro/entry/IPR013087'>IPR013087</a>	<a href='http://www.uniprot.org/uniprot/O41947'>O41947</a>	5	12	712	15940
IPR000719	Protein kinase domain	Q9WNA9	4.36973648722771e-05	0.00935330052510221	5	<a href='https://www.ebi.ac.uk/interpro/entry/IPR000719'>IPR000719</a>	<a href='http://www.uniprot.org/uniprot/Q9WNA9'>Q9WNA9</a>	5	12	637	15940
IPR001245	Serine-threonine/tyrosine-protein kinase, catalytic domain	Q9WNA9	4.36973648722771e-05	0.00935330052510221	5	<a href='https://www.ebi.ac.uk/interpro/entry/IPR001245'>IPR001245</a>	<a href='http://www.uniprot.org/uniprot/Q9WNA9'>Q9WNA9</a>	5	12	170	15940
IPR011009	Protein kinase-like domain	Q9WNA9	4.36973648722771e-05	0.00935330052510221	5	<a href='https://www.ebi.ac.uk/interpro/entry/IPR011009'>IPR011009</a>	<a href='http://www.uniprot.org/uniprot/Q9WNA9'>Q9WNA9</a>	5	12	698	15940
IPR011989	Armadillo-like helical	P06821	5.0108816687015e-05	0.0106418599439048	14	<a href='https://www.ebi.ac.uk/interpro/entry/IPR011989'>IPR011989</a>	<a href='http://www.uniprot.org/uniprot/P06821'>P06821</a>	14	101	428	15940
IPR027417	P-loop containing nucleoside triphosphate hydrolase	Q05322	5.19657690913341e-05	0.0109506780385956	13	<a href='https://www.ebi.ac.uk/interpro/entry/IPR027417'>IPR027417</a>	<a href='http://www.uniprot.org/uniprot/Q05322'>Q05322</a>	13	90	1055	15940
IPR008917	Transcription factor, Skn-1-like, DNA-binding domain	Q9DGW5	5.79143929455782e-05	0.011969919653289	5	<a href='https://www.ebi.ac.uk/interpro/entry/IPR008917'>IPR008917</a>	<a href='http://www.uniprot.org/uniprot/Q9DGW5'>Q9DGW5</a>	5	13	16	15940
IPR011989	Armadillo-like helical	Q9WMB5	5.81235062622921e-05	0.011969919653289	5	<a href='https://www.ebi.ac.uk/interpro/entry/IPR011989'>IPR011989</a>	<a href='http://www.uniprot.org/uniprot/Q9WMB5'>Q9WMB5</a>	5	13	428	15940
IPR016024	Armadillo-type fold	Q9WMB5	5.81235062622921e-05	0.011969919653289	5	<a href='https://www.ebi.ac.uk/interpro/entry/IPR016024'>IPR016024</a>	<a href='http://www.uniprot.org/uniprot/Q9WMB5'>Q9WMB5</a>	5	13	444	15940
IPR016024	Armadillo-type fold	C5E519	6.19911657769704e-05	0.0126248152239812	13	<a href='https://www.ebi.ac.uk/interpro/entry/IPR016024'>IPR016024</a>	<a href='http://www.uniprot.org/uniprot/C5E519'>C5E519</a>	13	92	444	15940
IPR011989	Armadillo-like helical	P0DOE9	6.22323881700073e-05	0.0126248152239812	23	<a href='https://www.ebi.ac.uk/interpro/entry/IPR011989'>IPR011989</a>	<a href='http://www.uniprot.org/uniprot/P0DOE9'>P0DOE9</a>	23	220	428	15940
IPR001881	EGF-like calcium-binding domain	P0CK47	6.52199116003284e-05	0.0130363093892892	6	<a href='https://www.ebi.ac.uk/interpro/entry/IPR001881'>IPR001881</a>	<a href='http://www.uniprot.org/uniprot/P0CK47'>P0CK47</a>	6	21	109	15940
IPR009030	Growth factor receptor cysteine-rich domain	P0CK47	6.52199116003284e-05	0.0130363093892892	6	<a href='https://www.ebi.ac.uk/interpro/entry/IPR009030'>IPR009030</a>	<a href='http://www.uniprot.org/uniprot/P0CK47'>P0CK47</a>	6	21	120	15940
IPR032454	Histone H2A, C-terminal domain	P03495	6.71895742393869e-05	0.0133319809206094	10	<a href='https://www.ebi.ac.uk/interpro/entry/IPR032454'>IPR032454</a>	<a href='http://www.uniprot.org/uniprot/P03495'>P03495</a>	10	60	20	15940
IPR032454	Histone H2A, C-terminal domain	Q05127	6.84844916951908e-05	0.0133933987211659	10	<a href='https://www.ebi.ac.uk/interpro/entry/IPR032454'>IPR032454</a>	<a href='http://www.uniprot.org/uniprot/Q05127'>Q05127</a>	10	60	20	15940
IPR000504	RNA recognition motif domain	Q05127	6.84844916951908e-05	0.0133933987211659	10	<a href='https://www.ebi.ac.uk/interpro/entry/IPR000504'>IPR000504</a>	<a href='http://www.uniprot.org/uniprot/Q05127'>Q05127</a>	10	60	395	15940
IPR007125	Histone H2A/H2B/H3	Q9WMX2	7.73737606301506e-05	0.0148029712450992	10	<a href='https://www.ebi.ac.uk/interpro/entry/IPR007125'>IPR007125</a>	<a href='http://www.uniprot.org/uniprot/Q9WMX2'>Q9WMX2</a>	10	61	48	15940
IPR032454	Histone H2A, C-terminal domain	Q9WMX2	7.73737606301506e-05	0.0148029712450992	10	<a href='https://www.ebi.ac.uk/interpro/entry/IPR032454'>IPR032454</a>	<a href='http://www.uniprot.org/uniprot/Q9WMX2'>Q9WMX2</a>	10	61	20	15940
IPR007125	Histone H2A/H2B/H3	Q9WPI5	7.78702504432456e-05	0.0148029712450992	10	<a href='https://www.ebi.ac.uk/interpro/entry/IPR007125'>IPR007125</a>	<a href='http://www.uniprot.org/uniprot/Q9WPI5'>Q9WPI5</a>	10	61	48	15940
IPR032454	Histone H2A, C-terminal domain	Q9WPI5	7.78702504432456e-05	0.0148029712450992	10	<a href='https://www.ebi.ac.uk/interpro/entry/IPR032454'>IPR032454</a>	<a href='http://www.uniprot.org/uniprot/Q9WPI5'>Q9WPI5</a>	10	61	20	15940
IPR001487	Bromodomain	P03255-2	7.95106891829327e-05	0.0150098512135336	5	<a href='https://www.ebi.ac.uk/interpro/entry/IPR001487'>IPR001487</a>	<a href='http://www.uniprot.org/uniprot/P03255-2'>P03255-2</a>	5	14	75	15940
IPR000719	Protein kinase domain	P04604	9.4627260452726e-05	0.0160262530944795	3	<a href='https://www.ebi.ac.uk/interpro/entry/IPR000719'>IPR000719</a>	<a href='http://www.uniprot.org/uniprot/P04604'>P04604</a>	3	3	637	15940
IPR000980	SH2 domain	P04604	9.4627260452726e-05	0.0160262530944795	3	<a href='https://www.ebi.ac.uk/interpro/entry/IPR000980'>IPR000980</a>	<a href='http://www.uniprot.org/uniprot/P04604'>P04604</a>	3	3	151	15940
IPR001245	Serine-threonine/tyrosine-protein kinase, catalytic domain	P04604	9.4627260452726e-05	0.0160262530944795	3	<a href='https://www.ebi.ac.uk/interpro/entry/IPR001245'>IPR001245</a>	<a href='http://www.uniprot.org/uniprot/P04604'>P04604</a>	3	3	170	15940
IPR001452	SH3 domain	P04604	9.4627260452726e-05	0.0160262530944795	3	<a href='https://www.ebi.ac.uk/interpro/entry/IPR001452'>IPR001452</a>	<a href='http://www.uniprot.org/uniprot/P04604'>P04604</a>	3	3	318	15940
IPR011009	Protein kinase-like domain	P04604	9.4627260452726e-05	0.0160262530944795	3	<a href='https://www.ebi.ac.uk/interpro/entry/IPR011009'>IPR011009</a>	<a href='http://www.uniprot.org/uniprot/P04604'>P04604</a>	3	3	698	15940
IPR020635	Tyrosine-protein kinase, catalytic domain	P04604	9.4627260452726e-05	0.0160262530944795	3	<a href='https://www.ebi.ac.uk/interpro/entry/IPR020635'>IPR020635</a>	<a href='http://www.uniprot.org/uniprot/P04604'>P04604</a>	3	3	91	15940
IPR001849	Pleckstrin homology domain	Q76RG8	9.80672208051369e-05	0.0160262530944795	3	<a href='https://www.ebi.ac.uk/interpro/entry/IPR001849'>IPR001849</a>	<a href='http://www.uniprot.org/uniprot/Q76RG8'>Q76RG8</a>	3	3	347	15940
IPR011993	PH domain-like	Q76RG8	9.80672208051369e-05	0.0160262530944795	3	<a href='https://www.ebi.ac.uk/interpro/entry/IPR011993'>IPR011993</a>	<a href='http://www.uniprot.org/uniprot/Q76RG8'>Q76RG8</a>	3	3	562	15940
IPR000535	Major sperm protein (MSP) domain	Q03463-PRO_0000278741	9.89361967264454e-05	0.0160262530944795	3	<a href='https://www.ebi.ac.uk/interpro/entry/IPR000535'>IPR000535</a>	<a href='http://www.uniprot.org/uniprot/Q03463-PRO_0000278741'>Q03463-PRO_0000278741</a>	3	3	9	15940
IPR008962	PapD-like	Q03463-PRO_0000278741	9.89361967264454e-05	0.0160262530944795	3	<a href='https://www.ebi.ac.uk/interpro/entry/IPR008962'>IPR008962</a>	<a href='http://www.uniprot.org/uniprot/Q03463-PRO_0000278741'>Q03463-PRO_0000278741</a>	3	3	9	15940
IPR013783	Immunoglobulin-like fold	Q03463-PRO_0000278741	9.89361967264454e-05	0.0160262530944795	3	<a href='https://www.ebi.ac.uk/interpro/entry/IPR013783'>IPR013783</a>	<a href='http://www.uniprot.org/uniprot/Q03463-PRO_0000278741'>Q03463-PRO_0000278741</a>	3	3	828	15940
IPR009072	Histone-fold	P35256	9.9372343083548e-05	0.0160262530944795	6	<a href='https://www.ebi.ac.uk/interpro/entry/IPR009072'>IPR009072</a>	<a href='http://www.uniprot.org/uniprot/P35256'>P35256</a>	6	23	80	15940
IPR001478	PDZ domain	P50804	0.000102967736608026	0.0160262530944795	3	<a href='https://www.ebi.ac.uk/interpro/entry/IPR001478'>IPR001478</a>	<a href='http://www.uniprot.org/uniprot/P50804'>P50804</a>	3	3	208	15940
IPR000504	RNA recognition motif domain	Q8AZK7	0.000103345613456856	0.0160262530944795	17	<a href='https://www.ebi.ac.uk/interpro/entry/IPR000504'>IPR000504</a>	<a href='http://www.uniprot.org/uniprot/Q8AZK7'>Q8AZK7</a>	17	150	395	15940
IPR002909	IPT domain	P10226	0.000103488259370283	0.0160262530944795	3	<a href='https://www.ebi.ac.uk/interpro/entry/IPR002909'>IPR002909</a>	<a href='http://www.uniprot.org/uniprot/P10226'>P10226</a>	3	3	39	15940
IPR008967	p53-like transcription factor, DNA-binding	P10226	0.000103488259370283	0.0160262530944795	3	<a href='https://www.ebi.ac.uk/interpro/entry/IPR008967'>IPR008967</a>	<a href='http://www.uniprot.org/uniprot/P10226'>P10226</a>	3	3	69	15940
IPR011539	Rel homology domain (RHD), DNA-binding domain	P10226	0.000103488259370283	0.0160262530944795	3	<a href='https://www.ebi.ac.uk/interpro/entry/IPR011539'>IPR011539</a>	<a href='http://www.uniprot.org/uniprot/P10226'>P10226</a>	3	3	21	15940
IPR013783	Immunoglobulin-like fold	P10226	0.000103488259370283	0.0160262530944795	3	<a href='https://www.ebi.ac.uk/interpro/entry/IPR013783'>IPR013783</a>	<a href='http://www.uniprot.org/uniprot/P10226'>P10226</a>	3	3	828	15940
IPR014756	Immunoglobulin E-set	P10226	0.000103488259370283	0.0160262530944795	3	<a href='https://www.ebi.ac.uk/interpro/entry/IPR014756'>IPR014756</a>	<a href='http://www.uniprot.org/uniprot/P10226'>P10226</a>	3	3	127	15940
IPR032397	Rel homology dimerisation domain	P10226	0.000103488259370283	0.0160262530944795	3	<a href='https://www.ebi.ac.uk/interpro/entry/IPR032397'>IPR032397</a>	<a href='http://www.uniprot.org/uniprot/P10226'>P10226</a>	3	3	21	15940
IPR033926	NFkappaB IPT domain	P10226	0.000103488259370283	0.0160262530944795	3	<a href='https://www.ebi.ac.uk/interpro/entry/IPR033926'>IPR033926</a>	<a href='http://www.uniprot.org/uniprot/P10226'>P10226</a>	3	3	14	15940
IPR011989	Armadillo-like helical	P04012	0.000103557150318873	0.0160262530944795	3	<a href='https://www.ebi.ac.uk/interpro/entry/IPR011989'>IPR011989</a>	<a href='http://www.uniprot.org/uniprot/P04012'>P04012</a>	3	3	428	15940
IPR016024	Armadillo-type fold	P04012	0.000103557150318873	0.0160262530944795	3	<a href='https://www.ebi.ac.uk/interpro/entry/IPR016024'>IPR016024</a>	<a href='http://www.uniprot.org/uniprot/P04012'>P04012</a>	3	3	444	15940
IPR002125	Cytidine and deoxycytidylate deaminase domain	Q784Z8	0.000104124095752821	0.0160262530944795	3	<a href='https://www.ebi.ac.uk/interpro/entry/IPR002125'>IPR002125</a>	<a href='http://www.uniprot.org/uniprot/Q784Z8'>Q784Z8</a>	3	3	14	15940
IPR013158	APOBEC-like, N-terminal	Q784Z8	0.000104124095752821	0.0160262530944795	3	<a href='https://www.ebi.ac.uk/interpro/entry/IPR013158'>IPR013158</a>	<a href='http://www.uniprot.org/uniprot/Q784Z8'>Q784Z8</a>	3	3	9	15940
IPR016193	Cytidine deaminase-like	Q784Z8	0.000104124095752821	0.0160262530944795	3	<a href='https://www.ebi.ac.uk/interpro/entry/IPR016193'>IPR016193</a>	<a href='http://www.uniprot.org/uniprot/Q784Z8'>Q784Z8</a>	3	3	15	15940
IPR002652	Importin-alpha, importin-beta-binding domain	P31345	0.000104504101597125	0.0160262530944795	3	<a href='https://www.ebi.ac.uk/interpro/entry/IPR002652'>IPR002652</a>	<a href='http://www.uniprot.org/uniprot/P31345'>P31345</a>	3	3	12	15940
IPR011989	Armadillo-like helical	P31345	0.000104504101597125	0.0160262530944795	3	<a href='https://www.ebi.ac.uk/interpro/entry/IPR011989'>IPR011989</a>	<a href='http://www.uniprot.org/uniprot/P31345'>P31345</a>	3	3	428	15940
IPR016024	Armadillo-type fold	P31345	0.000104504101597125	0.0160262530944795	3	<a href='https://www.ebi.ac.uk/interpro/entry/IPR016024'>IPR016024</a>	<a href='http://www.uniprot.org/uniprot/P31345'>P31345</a>	3	3	444	15940
IPR024581	Tbk1/Ikki binding domain	P17362	0.000104679316423933	0.0160262530944795	3	<a href='https://www.ebi.ac.uk/interpro/entry/IPR024581'>IPR024581</a>	<a href='http://www.uniprot.org/uniprot/P17362'>P17362</a>	3	3	3	15940
IPR002719	Retinoblastoma-associated protein, B-box	A0MPS7	0.000105528962033248	0.0160262530944795	3	<a href='https://www.ebi.ac.uk/interpro/entry/IPR002719'>IPR002719</a>	<a href='http://www.uniprot.org/uniprot/A0MPS7'>A0MPS7</a>	3	3	3	15940
IPR002720	Retinoblastoma-associated protein, A-box	A0MPS7	0.000105528962033248	0.0160262530944795	3	<a href='https://www.ebi.ac.uk/interpro/entry/IPR002720'>IPR002720</a>	<a href='http://www.uniprot.org/uniprot/A0MPS7'>A0MPS7</a>	3	3	3	15940
IPR013763	Cyclin-like	A0MPS7	0.000105528962033248	0.0160262530944795	3	<a href='https://www.ebi.ac.uk/interpro/entry/IPR013763'>IPR013763</a>	<a href='http://www.uniprot.org/uniprot/A0MPS7'>A0MPS7</a>	3	3	59	15940
IPR015030	Retinoblastoma-associated protein, C-terminal	A0MPS7	0.000105528962033248	0.0160262530944795	3	<a href='https://www.ebi.ac.uk/interpro/entry/IPR015030'>IPR015030</a>	<a href='http://www.uniprot.org/uniprot/A0MPS7'>A0MPS7</a>	3	3	3	15940
IPR024599	Retinoblastoma-associated protein, N-terminal	A0MPS7	0.000105528962033248	0.0160262530944795	3	<a href='https://www.ebi.ac.uk/interpro/entry/IPR024599'>IPR024599</a>	<a href='http://www.uniprot.org/uniprot/A0MPS7'>A0MPS7</a>	3	3	3	15940
IPR001478	PDZ domain	P0C213	0.000109949388057433	0.016604800916407	3	<a href='https://www.ebi.ac.uk/interpro/entry/IPR001478'>IPR001478</a>	<a href='http://www.uniprot.org/uniprot/P0C213'>P0C213</a>	3	3	208	15940
IPR027417	P-loop containing nucleoside triphosphate hydrolase	P03179	0.000123459743494927	0.0185421528572713	8	<a href='https://www.ebi.ac.uk/interpro/entry/IPR027417'>IPR027417</a>	<a href='http://www.uniprot.org/uniprot/P03179'>P03179</a>	8	44	1055	15940
IPR027417	P-loop containing nucleoside triphosphate hydrolase	P03496	0.000140708105157836	0.0210165336846737	21	<a href='https://www.ebi.ac.uk/interpro/entry/IPR027417'>IPR027417</a>	<a href='http://www.uniprot.org/uniprot/P03496'>P03496</a>	21	212	1055	15940
IPR027417	P-loop containing nucleoside triphosphate hydrolase	Q6QDQ4	0.000142399156690737	0.0210559077957554	9	<a href='https://www.ebi.ac.uk/interpro/entry/IPR027417'>IPR027417</a>	<a href='http://www.uniprot.org/uniprot/Q6QDQ4'>Q6QDQ4</a>	9	56	1055	15940
IPR000742	EGF-like domain	O41949	0.000142520859123712	0.0210559077957554	5	<a href='https://www.ebi.ac.uk/interpro/entry/IPR000742'>IPR000742</a>	<a href='http://www.uniprot.org/uniprot/O41949'>O41949</a>	5	16	201	15940
IPR011989	Armadillo-like helical	Q76353	0.000145579761183948	0.0212765603657228	6	<a href='https://www.ebi.ac.uk/interpro/entry/IPR011989'>IPR011989</a>	<a href='http://www.uniprot.org/uniprot/Q76353'>Q76353</a>	6	25	428	15940
IPR016024	Armadillo-type fold	Q76353	0.000145579761183948	0.0212765603657228	6	<a href='https://www.ebi.ac.uk/interpro/entry/IPR016024'>IPR016024</a>	<a href='http://www.uniprot.org/uniprot/Q76353'>Q76353</a>	6	25	444	15940
IPR001650	Helicase, C-terminal	P04296	0.00015491840464798	0.022400542084844	8	<a href='https://www.ebi.ac.uk/interpro/entry/IPR001650'>IPR001650</a>	<a href='http://www.uniprot.org/uniprot/P04296'>P04296</a>	8	46	186	15940
IPR014001	Helicase superfamily 1/2, ATP-binding domain	P04296	0.00015491840464798	0.022400542084844	8	<a href='https://www.ebi.ac.uk/interpro/entry/IPR014001'>IPR014001</a>	<a href='http://www.uniprot.org/uniprot/P04296'>P04296</a>	8	46	191	15940
IPR027417	P-loop containing nucleoside triphosphate hydrolase	P19712-PRO_0000038050	0.000158525005175706	0.0227712256214881	12	<a href='https://www.ebi.ac.uk/interpro/entry/IPR027417'>IPR027417</a>	<a href='http://www.uniprot.org/uniprot/P19712-PRO_0000038050'>P19712-PRO_0000038050</a>	12	93	1055	15940
IPR001478	PDZ domain	P06463	0.000159157330344421	0.0227712256214881	11	<a href='https://www.ebi.ac.uk/interpro/entry/IPR001478'>IPR001478</a>	<a href='http://www.uniprot.org/uniprot/P06463'>P06463</a>	11	81	208	15940
IPR011989	Armadillo-like helical	P03107	0.000171046579301072	0.0236843161365881	4	<a href='https://www.ebi.ac.uk/interpro/entry/IPR011989'>IPR011989</a>	<a href='http://www.uniprot.org/uniprot/P03107'>P03107</a>	4	9	428	15940
IPR016024	Armadillo-type fold	P03107	0.000171046579301072	0.0236843161365881	4	<a href='https://www.ebi.ac.uk/interpro/entry/IPR016024'>IPR016024</a>	<a href='http://www.uniprot.org/uniprot/P03107'>P03107</a>	4	9	444	15940
IPR027417	P-loop containing nucleoside triphosphate hydrolase	P03182	0.000172634143480845	0.0236843161365881	16	<a href='https://www.ebi.ac.uk/interpro/entry/IPR027417'>IPR027417</a>	<a href='http://www.uniprot.org/uniprot/P03182'>P03182</a>	16	147	1055	15940
IPR029047	Heat shock protein 70kD, peptide-binding domain	P21698	0.00017373844237127	0.0236843161365881	6	<a href='https://www.ebi.ac.uk/interpro/entry/IPR029047'>IPR029047</a>	<a href='http://www.uniprot.org/uniprot/P21698'>P21698</a>	6	26	27	15940
IPR029048	Heat shock protein 70kD, C-terminal domain	P21698	0.00017373844237127	0.0236843161365881	6	<a href='https://www.ebi.ac.uk/interpro/entry/IPR029048'>IPR029048</a>	<a href='http://www.uniprot.org/uniprot/P21698'>P21698</a>	6	26	27	15940
IPR003008	Tubulin/FtsZ, GTPase domain	P21698	0.00017373844237127	0.0236843161365881	6	<a href='https://www.ebi.ac.uk/interpro/entry/IPR003008'>IPR003008</a>	<a href='http://www.uniprot.org/uniprot/P21698'>P21698</a>	6	26	34	15940
IPR008280	Tubulin/FtsZ, C-terminal	P21698	0.00017373844237127	0.0236843161365881	6	<a href='https://www.ebi.ac.uk/interpro/entry/IPR008280'>IPR008280</a>	<a href='http://www.uniprot.org/uniprot/P21698'>P21698</a>	6	26	31	15940
IPR018316	Tubulin/FtsZ, 2-layer sandwich domain	P21698	0.00017373844237127	0.0236843161365881	6	<a href='https://www.ebi.ac.uk/interpro/entry/IPR018316'>IPR018316</a>	<a href='http://www.uniprot.org/uniprot/P21698'>P21698</a>	6	26	31	15940
IPR007125	Histone H2A/H2B/H3	Q0HD54	0.000175123143888104	0.0236843161365881	10	<a href='https://www.ebi.ac.uk/interpro/entry/IPR007125'>IPR007125</a>	<a href='http://www.uniprot.org/uniprot/Q0HD54'>Q0HD54</a>	10	70	48	15940
IPR009072	Histone-fold	Q0HD54	0.000175123143888104	0.0236843161365881	10	<a href='https://www.ebi.ac.uk/interpro/entry/IPR009072'>IPR009072</a>	<a href='http://www.uniprot.org/uniprot/Q0HD54'>Q0HD54</a>	10	70	80	15940
IPR032454	Histone H2A, C-terminal domain	Q0HD54	0.000175123143888104	0.0236843161365881	10	<a href='https://www.ebi.ac.uk/interpro/entry/IPR032454'>IPR032454</a>	<a href='http://www.uniprot.org/uniprot/Q0HD54'>Q0HD54</a>	10	70	20	15940
IPR020635	Tyrosine-protein kinase, catalytic domain	P03407	0.000176801199937934	0.0237928901936277	4	<a href='https://www.ebi.ac.uk/interpro/entry/IPR020635'>IPR020635</a>	<a href='http://www.uniprot.org/uniprot/P03407'>P03407</a>	4	9	91	15940
IPR016024	Armadillo-type fold	P0DOE9	0.00018758444239684	0.0251196821779098	21	<a href='https://www.ebi.ac.uk/interpro/entry/IPR016024'>IPR016024</a>	<a href='http://www.uniprot.org/uniprot/P0DOE9'>P0DOE9</a>	21	220	444	15940
IPR016024	Armadillo-type fold	Q1K9H5	0.000195993490839254	0.0259657304011983	19	<a href='https://www.ebi.ac.uk/interpro/entry/IPR016024'>IPR016024</a>	<a href='http://www.uniprot.org/uniprot/Q1K9H5'>Q1K9H5</a>	19	192	444	15940
IPR006594	LIS1 homology motif	Q98143	0.000196767968755402	0.0259657304011983	7	<a href='https://www.ebi.ac.uk/interpro/entry/IPR006594'>IPR006594</a>	<a href='http://www.uniprot.org/uniprot/Q98143'>Q98143</a>	7	37	40	15940
IPR006595	CTLH, C-terminal LisH motif	Q98143	0.000196767968755402	0.0259657304011983	7	<a href='https://www.ebi.ac.uk/interpro/entry/IPR006595'>IPR006595</a>	<a href='http://www.uniprot.org/uniprot/Q98143'>Q98143</a>	7	37	12	15940
IPR011989	Armadillo-like helical	C5E526	0.000210996510344443	0.0275756208519391	14	<a href='https://www.ebi.ac.uk/interpro/entry/IPR011989'>IPR011989</a>	<a href='http://www.uniprot.org/uniprot/C5E526'>C5E526</a>	14	124	428	15940
IPR011990	Tetratricopeptide-like helical domain	C5E526	0.000210996510344443	0.0275756208519391	14	<a href='https://www.ebi.ac.uk/interpro/entry/IPR011990'>IPR011990</a>	<a href='http://www.uniprot.org/uniprot/C5E526'>C5E526</a>	14	124	301	15940
IPR009030	Growth factor receptor cysteine-rich domain	Q9WMX2-PRO_0000037548	0.00021670838820589	0.0281866068181288	19	<a href='https://www.ebi.ac.uk/interpro/entry/IPR009030'>IPR009030</a>	<a href='http://www.uniprot.org/uniprot/Q9WMX2-PRO_0000037548'>Q9WMX2-PRO_0000037548</a>	19	195	120	15940
IPR000719	Protein kinase domain	Q77UV9	0.000218995371011012	0.0282569770208817	5	<a href='https://www.ebi.ac.uk/interpro/entry/IPR000719'>IPR000719</a>	<a href='http://www.uniprot.org/uniprot/Q77UV9'>Q77UV9</a>	5	18	637	15940
IPR013766	Thioredoxin domain	D2XQB9	0.000220001365187043	0.0282569770208817	5	<a href='https://www.ebi.ac.uk/interpro/entry/IPR013766'>IPR013766</a>	<a href='http://www.uniprot.org/uniprot/D2XQB9'>D2XQB9</a>	5	18	48	15940
IPR011989	Armadillo-like helical	Q9WMX2	0.000221407302289869	0.0282569770208817	9	<a href='https://www.ebi.ac.uk/interpro/entry/IPR011989'>IPR011989</a>	<a href='http://www.uniprot.org/uniprot/Q9WMX2'>Q9WMX2</a>	9	61	428	15940
IPR016024	Armadillo-type fold	Q9WMX2	0.000221407302289869	0.0282569770208817	9	<a href='https://www.ebi.ac.uk/interpro/entry/IPR016024'>IPR016024</a>	<a href='http://www.uniprot.org/uniprot/Q9WMX2'>Q9WMX2</a>	9	61	444	15940
IPR000504	RNA recognition motif domain	Q1K9H2	0.0002262197397139	0.02873624955319	13	<a href='https://www.ebi.ac.uk/interpro/entry/IPR000504'>IPR000504</a>	<a href='http://www.uniprot.org/uniprot/Q1K9H2'>Q1K9H2</a>	13	112	395	15940
IPR003008	Tubulin/FtsZ, GTPase domain	P0C765	0.000234062370609246	0.029321435403879	4	<a href='https://www.ebi.ac.uk/interpro/entry/IPR003008'>IPR003008</a>	<a href='http://www.uniprot.org/uniprot/P0C765'>P0C765</a>	4	10	34	15940
IPR008280	Tubulin/FtsZ, C-terminal	P0C765	0.000234062370609246	0.029321435403879	4	<a href='https://www.ebi.ac.uk/interpro/entry/IPR008280'>IPR008280</a>	<a href='http://www.uniprot.org/uniprot/P0C765'>P0C765</a>	4	10	31	15940
IPR018316	Tubulin/FtsZ, 2-layer sandwich domain	P0C765	0.000234062370609246	0.029321435403879	4	<a href='https://www.ebi.ac.uk/interpro/entry/IPR018316'>IPR018316</a>	<a href='http://www.uniprot.org/uniprot/P0C765'>P0C765</a>	4	10	31	15940
IPR001841	Zinc finger, RING-type	P03188	0.000243859406798757	0.0302697448146913	4	<a href='https://www.ebi.ac.uk/interpro/entry/IPR001841'>IPR001841</a>	<a href='http://www.uniprot.org/uniprot/P03188'>P03188</a>	4	10	308	15940
IPR013083	Zinc finger, RING/FYVE/PHD-type	P03188	0.000243859406798757	0.0302697448146913	4	<a href='https://www.ebi.ac.uk/interpro/entry/IPR013083'>IPR013083</a>	<a href='http://www.uniprot.org/uniprot/P03188'>P03188</a>	4	10	862	15940
IPR000719	Protein kinase domain	F5HC81	0.000247549856213883	0.0304497524494036	4	<a href='https://www.ebi.ac.uk/interpro/entry/IPR000719'>IPR000719</a>	<a href='http://www.uniprot.org/uniprot/F5HC81'>F5HC81</a>	4	10	637	15940
IPR011009	Protein kinase-like domain	F5HC81	0.000247549856213883	0.0304497524494036	4	<a href='https://www.ebi.ac.uk/interpro/entry/IPR011009'>IPR011009</a>	<a href='http://www.uniprot.org/uniprot/F5HC81'>F5HC81</a>	4	10	698	15940
IPR027409	GroEL-like apical domain	P04413	0.000268450603966368	0.0327244897678106	6	<a href='https://www.ebi.ac.uk/interpro/entry/IPR027409'>IPR027409</a>	<a href='http://www.uniprot.org/uniprot/P04413'>P04413</a>	6	29	30	15940
IPR027413	GroEL-like equatorial domain	P04413	0.000268450603966368	0.0327244897678106	6	<a href='https://www.ebi.ac.uk/interpro/entry/IPR027413'>IPR027413</a>	<a href='http://www.uniprot.org/uniprot/P04413'>P04413</a>	6	29	31	15940
IPR001494	Importin-beta, N-terminal domain	P03101	0.000275521403383069	0.0334364903105596	3	<a href='https://www.ebi.ac.uk/interpro/entry/IPR001494'>IPR001494</a>	<a href='http://www.uniprot.org/uniprot/P03101'>P03101</a>	3	4	23	15940
IPR004020	DAPIN domain	P06725	0.000281934862422048	0.0338995116478021	3	<a href='https://www.ebi.ac.uk/interpro/entry/IPR004020'>IPR004020</a>	<a href='http://www.uniprot.org/uniprot/P06725'>P06725</a>	3	4	16	15940
IPR004021	HIN-200/IF120x	P06725	0.000281934862422048	0.0338995116478021	3	<a href='https://www.ebi.ac.uk/interpro/entry/IPR004021'>IPR004021</a>	<a href='http://www.uniprot.org/uniprot/P06725'>P06725</a>	3	4	6	15940
IPR000719	Protein kinase domain	O92972	0.000285571960246714	0.0338995116478021	3	<a href='https://www.ebi.ac.uk/interpro/entry/IPR000719'>IPR000719</a>	<a href='http://www.uniprot.org/uniprot/O92972'>O92972</a>	3	4	637	15940
IPR001245	Serine-threonine/tyrosine-protein kinase, catalytic domain	O92972	0.000285571960246714	0.0338995116478021	3	<a href='https://www.ebi.ac.uk/interpro/entry/IPR001245'>IPR001245</a>	<a href='http://www.uniprot.org/uniprot/O92972'>O92972</a>	3	4	170	15940
IPR011009	Protein kinase-like domain	O92972	0.000285571960246714	0.0338995116478021	3	<a href='https://www.ebi.ac.uk/interpro/entry/IPR011009'>IPR011009</a>	<a href='http://www.uniprot.org/uniprot/O92972'>O92972</a>	3	4	698	15940
IPR000504	RNA recognition motif domain	C5E522	0.000289539143998842	0.0340924279034833	10	<a href='https://www.ebi.ac.uk/interpro/entry/IPR000504'>IPR000504</a>	<a href='http://www.uniprot.org/uniprot/C5E522'>C5E522</a>	10	77	395	15940
IPR029063	S-adenosyl-L-methionine-dependent methyltransferase	Q9QR71	0.000294693896914063	0.0340924279034833	3	<a href='https://www.ebi.ac.uk/interpro/entry/IPR029063'>IPR029063</a>	<a href='http://www.uniprot.org/uniprot/Q9QR71'>Q9QR71</a>	3	4	129	15940
IPR004843	Calcineurin-like phosphoesterase domain, ApaH type	Q76TK5	0.000294721915734203	0.0340924279034833	3	<a href='https://www.ebi.ac.uk/interpro/entry/IPR004843'>IPR004843</a>	<a href='http://www.uniprot.org/uniprot/Q76TK5'>Q76TK5</a>	3	4	31	15940
IPR006186	Serine/threonine-specific protein phosphatase/bis(5-nucleosyl)-tetraphosphatase	Q76TK5	0.000294721915734203	0.0340924279034833	3	<a href='https://www.ebi.ac.uk/interpro/entry/IPR006186'>IPR006186</a>	<a href='http://www.uniprot.org/uniprot/Q76TK5'>Q76TK5</a>	3	4	16	15940
IPR029052	Metallo-dependent phosphatase-like	Q76TK5	0.000294721915734203	0.0340924279034833	3	<a href='https://www.ebi.ac.uk/interpro/entry/IPR029052'>IPR029052</a>	<a href='http://www.uniprot.org/uniprot/Q76TK5'>Q76TK5</a>	3	4	35	15940
IPR031675	Serine-threonine protein phosphatase, N-terminal	Q76TK5	0.000294721915734203	0.0340924279034833	3	<a href='https://www.ebi.ac.uk/interpro/entry/IPR031675'>IPR031675</a>	<a href='http://www.uniprot.org/uniprot/Q76TK5'>Q76TK5</a>	3	4	4	15940
IPR000626	Ubiquitin domain	Q8UN00	0.000304105749930657	0.0345675986369084	3	<a href='https://www.ebi.ac.uk/interpro/entry/IPR000626'>IPR000626</a>	<a href='http://www.uniprot.org/uniprot/Q8UN00'>Q8UN00</a>	3	4	71	15940
IPR022617	Rad60/SUMO-like domain	Q8UN00	0.000304105749930657	0.0345675986369084	3	<a href='https://www.ebi.ac.uk/interpro/entry/IPR022617'>IPR022617</a>	<a href='http://www.uniprot.org/uniprot/Q8UN00'>Q8UN00</a>	3	4	7	15940
IPR029071	Ubiquitin-related domain	Q8UN00	0.000304105749930657	0.0345675986369084	3	<a href='https://www.ebi.ac.uk/interpro/entry/IPR029071'>IPR029071</a>	<a href='http://www.uniprot.org/uniprot/Q8UN00'>Q8UN00</a>	3	4	242	15940
IPR033950	Sumo domain	Q8UN00	0.000304105749930657	0.0345675986369084	3	<a href='https://www.ebi.ac.uk/interpro/entry/IPR033950'>IPR033950</a>	<a href='http://www.uniprot.org/uniprot/Q8UN00'>Q8UN00</a>	3	4	4	15940
IPR000719	Protein kinase domain	P26660	0.000307730976682307	0.0345675986369084	3	<a href='https://www.ebi.ac.uk/interpro/entry/IPR000719'>IPR000719</a>	<a href='http://www.uniprot.org/uniprot/P26660'>P26660</a>	3	4	637	15940
IPR001245	Serine-threonine/tyrosine-protein kinase, catalytic domain	P26660	0.000307730976682307	0.0345675986369084	3	<a href='https://www.ebi.ac.uk/interpro/entry/IPR001245'>IPR001245</a>	<a href='http://www.uniprot.org/uniprot/P26660'>P26660</a>	3	4	170	15940
IPR011009	Protein kinase-like domain	P26660	0.000307730976682307	0.0345675986369084	3	<a href='https://www.ebi.ac.uk/interpro/entry/IPR011009'>IPR011009</a>	<a href='http://www.uniprot.org/uniprot/P26660'>P26660</a>	3	4	698	15940
IPR001487	Bromodomain	P03255	0.000313536709436841	0.0350748226721444	6	<a href='https://www.ebi.ac.uk/interpro/entry/IPR001487'>IPR001487</a>	<a href='http://www.uniprot.org/uniprot/P03255'>P03255</a>	6	30	75	15940
IPR013783	Immunoglobulin-like fold	P03182	0.000317172156458364	0.0353360979555908	15	<a href='https://www.ebi.ac.uk/interpro/entry/IPR013783'>IPR013783</a>	<a href='http://www.uniprot.org/uniprot/P03182'>P03182</a>	15	147	828	15940
IPR011989	Armadillo-like helical	C5E519	0.000323968183629928	0.035799801234943	11	<a href='https://www.ebi.ac.uk/interpro/entry/IPR011989'>IPR011989</a>	<a href='http://www.uniprot.org/uniprot/C5E519'>C5E519</a>	11	92	428	15940
IPR027417	P-loop containing nucleoside triphosphate hydrolase	C5E519	0.000323968183629928	0.035799801234943	11	<a href='https://www.ebi.ac.uk/interpro/entry/IPR027417'>IPR027417</a>	<a href='http://www.uniprot.org/uniprot/C5E519'>C5E519</a>	11	92	1055	15940
IPR011989	Armadillo-like helical	Q1K9H5	0.000328416563690189	0.0361444367099356	18	<a href='https://www.ebi.ac.uk/interpro/entry/IPR011989'>IPR011989</a>	<a href='http://www.uniprot.org/uniprot/Q1K9H5'>Q1K9H5</a>	18	192	428	15940
IPR003008	Tubulin/FtsZ, GTPase domain	P21605	0.00033983044679955	0.036937066343722	7	<a href='https://www.ebi.ac.uk/interpro/entry/IPR003008'>IPR003008</a>	<a href='http://www.uniprot.org/uniprot/P21605'>P21605</a>	7	42	34	15940
IPR008280	Tubulin/FtsZ, C-terminal	P21605	0.00033983044679955	0.036937066343722	7	<a href='https://www.ebi.ac.uk/interpro/entry/IPR008280'>IPR008280</a>	<a href='http://www.uniprot.org/uniprot/P21605'>P21605</a>	7	42	31	15940
IPR018316	Tubulin/FtsZ, 2-layer sandwich domain	P21605	0.00033983044679955	0.036937066343722	7	<a href='https://www.ebi.ac.uk/interpro/entry/IPR018316'>IPR018316</a>	<a href='http://www.uniprot.org/uniprot/P21605'>P21605</a>	7	42	31	15940
IPR013083	Zinc finger, RING/FYVE/PHD-type	Q91NH1	0.000341053695272006	0.036937066343722	4	<a href='https://www.ebi.ac.uk/interpro/entry/IPR013083'>IPR013083</a>	<a href='http://www.uniprot.org/uniprot/Q91NH1'>Q91NH1</a>	4	11	862	15940
IPR027417	P-loop containing nucleoside triphosphate hydrolase	O56264	0.000366606321186282	0.0395469295044758	12	<a href='https://www.ebi.ac.uk/interpro/entry/IPR027417'>IPR027417</a>	<a href='http://www.uniprot.org/uniprot/O56264'>O56264</a>	12	108	1055	15940
IPR011989	Armadillo-like helical	I6T1Z2	0.000392626433694254	0.042186391199781	14	<a href='https://www.ebi.ac.uk/interpro/entry/IPR011989'>IPR011989</a>	<a href='http://www.uniprot.org/uniprot/I6T1Z2'>I6T1Z2</a>	14	138	428	15940
IPR027417	P-loop containing nucleoside triphosphate hydrolase	C5E524	0.000397034267803929	0.042492045417252	10	<a href='https://www.ebi.ac.uk/interpro/entry/IPR027417'>IPR027417</a>	<a href='http://www.uniprot.org/uniprot/C5E524'>C5E524</a>	10	82	1055	15940
IPR016024	Armadillo-type fold	C5E526	0.000402514372447856	0.0429096105906766	13	<a href='https://www.ebi.ac.uk/interpro/entry/IPR016024'>IPR016024</a>	<a href='http://www.uniprot.org/uniprot/C5E526'>C5E526</a>	13	124	444	15940
IPR027417	P-loop containing nucleoside triphosphate hydrolase	O40939	0.000406452502630719	0.0431601751230995	6	<a href='https://www.ebi.ac.uk/interpro/entry/IPR027417'>IPR027417</a>	<a href='http://www.uniprot.org/uniprot/O40939'>O40939</a>	6	32	1055	15940
IPR027417	P-loop containing nucleoside triphosphate hydrolase	Q77M19	0.000436104253293326	0.0461286304339524	32	<a href='https://www.ebi.ac.uk/interpro/entry/IPR027417'>IPR027417</a>	<a href='http://www.uniprot.org/uniprot/Q77M19'>Q77M19</a>	32	438	1055	15940
IPR020635	Tyrosine-protein kinase, catalytic domain	Q9WNA9	0.000440440655217129	0.0464067394241179	4	<a href='https://www.ebi.ac.uk/interpro/entry/IPR020635'>IPR020635</a>	<a href='http://www.uniprot.org/uniprot/Q9WNA9'>Q9WNA9</a>	4	12	91	15940
